name,P_hr,D_km,rho,taxo,T,P2,tumbler,rho_src
Kleopatra,5.385,122,3.38,M,0.993,1.080,0,lit_Descamps2011
1996HW1,8.7573,2.928,,S,0.969,0.807,0,
Eros,5.27,16.84,2.67,S,0.980,0.790,0,JPL_Yeomans2000
Ida,4.634,32,2.6,S,0.638,0.634,0,JPL_Belton1996
Itokawa,12.132,0.33,1.9,S,0.878,0.553,0,JPL_Abe2006
Geographos,5.22204,2.56,,S,0.911,0.549,0,
Toutatis,176,5.4,,S,0.844,0.476,1,
Castalia,4.095,1.4,,S,0.826,0.340,0,
Bacchus,14.904,1.024,,Sq,0.996,0.479,0,
Mithra,67.5,1.849,,S,0.732,0.276,1,
Nereus,15.1749,0.33,,Xe,0.507,0.267,0,
Gaspra,7.042,12.2,,S,0.880,0.255,0,
Eugenia,5.699,202.327,,C,-0.389,0.213,0,
Kalliope,4.1483,167.536,2.37,M,0.230,0.146,0,JPL_Margot
Steins,6.049,5.160,,E,-0.425,0.114,0,
Betulia,6.1324,5.8,,C,-0.680,0.112,0,
Sylvia,5.184,253.051,,P,0.689,0.104,0,
RaShalom,19.797,2.3,,C,-0.449,0.103,0,
Lutetia,8.1655,98,3.4,M,0.095,0.101,0,JPL_Patzold
